Property Name,Floorplan,Unit,Floor,Bedrooms,Bathrooms,Partial Bathrooms,SF,Available On,Deposit,Term,Est AMI Level,Last Asking Rent,Asking Rent PSF,Last Effective Rent,Effective Rent PSF,On Market Date,Off Market Date,Days on Market,Days Vacant
The Kelton Apartments,Hansel,I102,1,1,1,,694,6/10/2025,500,,60%,1195,1.72,1195,1.72,2025-05-06,2025-05-21,16,0
The Kelton Apartments,Hansel,I107,1,1,1,,694,3/1/2025,500,,60%,1195,1.72,1195,1.72,2025-03-01,2025-05-24,85,85
The Kelton Apartments,Hansel,J302,3,1,1,,694,12/29/2023,500,,60%,1555,2.24,1346,1.94,2023-12-29,2024-03-13,76,76
The Kelton Apartments,Hansel,J302,3,1,1,,694,4/17/2025,500,,60%,1245,1.79,1245,1.79,2025-01-31,2025-05-13,103,27
The Kelton Apartments,Hansel,M202,2,1,1,,694,9/22/2023,500,,60%,1290,1.86,1116,1.61,2023-07-18,2023-09-14,59,0
The Kelton Apartments,Hansel,M202,2,1,1,,694,7/9/2026,500,,60%,1250,1.8,1250,1.8,2025-12-03,2026-07-09,219,1
The Kelton Apartments,1A,L202,2,1,1,,694,8/1/2023,500,,60%,1280,1.84,1280,1.84,2023-07-11,2023-12-27,170,149
The Kelton Apartments,Hansel,L207,2,1,1,,694,4/5/2025,500,,60%,1295,1.87,1212,1.75,2025-01-11,2025-03-31,80,0
The Kelton Apartments,Hansel,I202,2,1,1,,694,4/16/2025,500,,60%,1295,1.87,1295,1.87,2025-02-28,2025-05-10,72,25
The Kelton Apartments,Hansel,C107,1,1,1,,694,7/25/2024,500,,60%,1317,1.9,1234,1.78,2024-07-13,2024-07-23,11,0
The Kelton Apartments,Hansel,C107,1,1,1,,694,7/31/2025,500,,60%,1295,1.87,1295,1.87,2025-04-29,2025-04-30,2,0
The Kelton Apartments,Hansel,J107,1,1,1,,694,10/17/2023,500,,60%,1290,1.86,1116,1.61,2023-08-13,2023-09-14,33,0
The Kelton Apartments,Hansel,J107,1,1,1,,694,10/24/2025,500,,60%,1325,1.91,1325,1.91,2025-08-02,2025-08-19,18,0
The Kelton Apartments,Hansel,M102,1,1,1,,694,7/9/2024,500,,60%,1363,1.96,1363,1.96,2024-06-18,2024-07-09,22,1
The Kelton Apartments,Hansel,M102,1,1,1,,694,8/8/2025,500,,60%,1325,1.91,1325,1.91,2025-07-08,2025-07-13,6,0
The Kelton Apartments,Hansel,L102,1,1,1,,694,8/9/2023,500,,60%,1236,1.78,1069,1.54,,2023-09-13,,
The Kelton Apartments,Hansel,L102,1,1,1,,694,12/17/2024,500,,60%,1199,1.73,1199,1.73,2024-08-21,2024-09-13,24,0
The Kelton Apartments,Hansel,L102,1,1,1,,694,10/28/2025,500,,60%,1325,1.91,1325,1.91,2025-08-29,2025-09-02,5,0
The Kelton Apartments,Hansel,I302,3,1,1,,694,9/17/2023,500,,60%,1767,2.55,1767,2.55,2023-09-06,2023-10-31,56,45
The Kelton Apartments,Hansel,I302,3,1,1,,694,10/24/2024,500,,60%,1285,1.85,1285,1.85,2024-08-17,2024-08-27,11,0
The Kelton Apartments,Hansel,I302,3,1,1,,694,1/31/2026,500,,60%,1325,1.91,1215,1.75,2026-01-25,2026-04-05,71,65
The Kelton Apartments,Hansel,M207,2,1,1,,694,6/27/2023,500,,60%,1476,2.13,1476,2.13,2023-06-27,2023-07-13,17,17
The Kelton Apartments,Hansel,M207,2,1,1,,694,7/9/2024,500,,60%,1433,2.06,1350,1.95,2024-06-18,2024-07-13,26,5
The Kelton Apartments,Hansel,M207,2,1,1,,694,7/26/2025,500,,60%,1325,1.91,1325,1.91,2025-05-06,2025-07-22,78,0
The Kelton Apartments,Hansel,I307,3,1,1,,694,8/1/2023,500,,60%,1327,1.91,1148,1.65,,2024-02-17,,
The Kelton Apartments,Hansel,I307,3,1,1,,694,3/25/2025,500,,60%,1345,1.94,1262,1.82,2025-03-07,2025-03-08,2,0
The Kelton Apartments,Hansel,C102,1,1,1,,694,5/18/2024,500,,60%,1348,1.94,1331,1.92,2024-04-02,2024-05-17,46,0
The Kelton Apartments,Hansel,C102,1,1,1,,694,9/3/2025,500,,60%,1375,1.98,1375,1.98,2025-07-30,2025-11-26,120,85
The Kelton Apartments,Hansel,I207,2,1,1,,694,9/11/2024,500,,60%,1199,1.73,1136,1.64,2024-08-08,2024-08-21,14,0
The Kelton Apartments,Hansel,I207,2,1,1,,694,11/18/2025,500,,60%,1375,1.98,1375,1.98,2025-08-29,2025-11-14,78,0
The Kelton Apartments,Hansel,C302,3,1,1,,694,5/24/2024,500,,60%,1555,2.24,1538,2.22,2024-03-20,2024-05-18,60,0
The Kelton Apartments,Hansel,C302,3,1,1,,694,9/30/2025,500,,60%,1375,1.98,1375,1.98,2025-07-16,2025-08-16,32,0
The Kelton Apartments,Hansel,E107,1,1,1,,694,8/29/2023,500,,60%,1307,1.88,1131,1.63,2023-08-29,2023-08-30,2,2
The Kelton Apartments,Hansel,E107,1,1,1,,694,3/8/2026,500,,60%,1425,2.05,1425,2.05,2026-01-09,2026-02-26,49,0
The Kelton Apartments,Hansel,A208,2,1,1,,694,8/29/2023,500,,60%,1364,1.97,1180,1.7,2023-08-29,2023-08-30,2,2
The Kelton Apartments,Hansel,A208,2,1,1,,694,3/7/2025,500,,60%,1295,1.87,1253,1.81,2025-03-07,2025-04-25,50,50
The Kelton Apartments,Hansel,A208,2,1,1,,694,Now,500,,60%,1425,2.05,1425,2.05,2026-02-26,,137,37
The Kelton Apartments,Hansel,A108,1,1,1,,694,8/29/2023,500,,60%,1364,1.97,1180,1.7,2023-08-29,2023-08-30,2,2
The Kelton Apartments,Hansel,A108,1,1,1,,694,3/14/2025,500,,60%,1295,1.87,1253,1.81,2025-03-07,2025-04-22,47,40
The Kelton Apartments,Hansel,A108,1,1,1,,694,Now,500,,60%,1425,2.05,1425,2.05,2026-04-05,,99,31
The Kelton Apartments,Hansel,E202,2,1,1,,694,8/29/2023,500,,60%,1307,1.88,1131,1.63,2023-08-29,2023-08-30,2,2
The Kelton Apartments,Hansel,E202,2,1,1,,694,3/7/2025,500,,60%,1295,1.87,1253,1.81,2025-03-07,2025-04-29,54,54
The Kelton Apartments,Hansel,E202,2,1,1,,694,9/7/2026,500,,60%,1425,2.05,1425,2.05,2026-05-13,,61,0
The Kelton Apartments,Hansel,J102,1,1,1,,694,4/21/2024,500,,60%,1288,1.86,1114,1.61,2024-02-16,2024-03-13,27,0
The Kelton Apartments,Hansel,J102,1,1,1,,694,4/29/2025,500,,60%,1295,1.87,1253,1.81,2025-02-06,2025-04-25,79,0
The Kelton Apartments,Hansel,J102,1,1,1,,694,11/8/2025,500,,60%,1375,1.98,1375,1.98,2025-10-15,2025-11-23,40,16
The Kelton Apartments,Hansel,J102,1,1,1,,694,6/8/2026,500,,60%,1425,2.05,1425,2.05,2026-04-02,2026-07-09,99,32
The Kelton Apartments,Hansel,C202,2,1,1,,694,3/31/2024,500,,60%,1421,2.05,1358,1.96,2024-03-31,2024-05-23,54,54
The Kelton Apartments,Hansel,C202,2,1,1,,694,5/8/2026,500,,60%,1425,2.05,1306,1.88,2026-04-22,2026-05-05,14,0
The Kelton Apartments,1A,L302,3,1,1,,694,7/6/2023,500,,80%,1353,1.95,1240,1.79,,2023-08-01,,
The Kelton Apartments,1A,L302,3,1,1,,694,4/8/2024,500,,80%,1438,2.07,1376,1.98,2024-02-29,2024-05-25,87,48
The Kelton Apartments,Hansel,M302,3,1,1,,694,8/15/2026,500,,80%,1475,2.13,1475,2.13,2026-06-03,,40,0
The Kelton Apartments,Hansel,E307,3,1,1,,694,8/29/2023,500,,80%,1307,1.88,1131,1.63,2023-08-29,2023-08-30,2,2
The Kelton Apartments,Hansel,E307,3,1,1,,694,7/24/2026,500,,80%,1475,2.13,1475,2.13,2026-05-07,2026-07-03,58,0
The Kelton Apartments,Hansel,J307,3,1,1,,694,8/20/2024,500,,80%,1367,1.97,1284,1.85,2024-05-23,2024-07-28,67,0
The Kelton Apartments,Hansel,J307,3,1,1,,694,8/29/2026,500,,80%,1475,2.13,1475,2.13,2026-06-11,,32,0
The Kelton Apartments,Hansel,L307,3,1,1,,694,7/4/2023,500,,80%,1411,2.03,1411,2.03,2023-07-04,2023-11-23,143,143
The Kelton Apartments,Hansel,L307,3,1,1,,694,3/7/2025,500,,80%,1345,1.94,1303,1.88,2024-12-31,2025-04-18,109,43
The Kelton Apartments,Hansel,L307,3,1,1,,694,6/16/2026,500,,80%,1475,2.13,1475,2.13,2026-04-09,2026-07-03,86,18
The Kelton Apartments,Hansel,M307,3,1,1,,694,6/22/2023,500,,80%,1305,1.88,1196,1.72,,2023-08-04,,
The Kelton Apartments,Hansel,M307,3,1,1,,694,6/14/2025,500,,80%,1375,1.98,1375,1.98,2025-06-09,2025-09-12,96,91
The Kelton Apartments,Hansel,M307,3,1,1,,694,9/29/2026,500,,80%,1475,2.13,1475,2.13,2026-07-11,,2,0
The Kelton Apartments,Hansel,A301,3,1,1,,694,8/29/2023,500,,80%,1414,2.04,1224,1.76,2023-08-29,2023-08-30,2,2
The Kelton Apartments,Hansel,A301,3,1,1,,694,6/6/2026,500,,80%,1475,2.13,1475,2.13,2026-03-12,2026-06-17,98,12
The Kelton Apartments,Hansel,C207,2,1,1,,694,12/26/2023,500,,80%,1357,1.96,1357,1.96,2023-12-20,2024-01-05,17,11
The Kelton Apartments,Hansel,C207,2,1,1,,694,2/8/2025,500,,80%,1525,2.2,1442,2.08,2025-01-04,2025-01-22,19,0
The Kelton Apartments,Gilson,C101,1,1,1,,793,7/8/2025,500,,60%,1295,1.63,1295,1.63,2025-05-14,2025-05-23,10,0
The Kelton Apartments,Gilson,E101,1,1,1,,793,8/29/2023,500,,60%,1469,1.85,1271,1.6,2023-08-29,2023-08-30,2,2
The Kelton Apartments,Gilson,E101,1,1,1,,793,6/5/2025,500,,60%,1295,1.63,1295,1.63,2025-03-07,2025-05-22,77,0
The Kelton Apartments,Gilson,I208,2,1,1,,793,3/9/2024,500,,60%,1380,1.74,1194,1.51,2023-12-20,2024-03-20,92,12
The Kelton Apartments,Gilson,I208,2,1,1,,793,12/7/2024,500,,60%,1299,1.64,1216,1.53,2024-11-26,2025-01-23,59,48
The Kelton Apartments,Gilson,J101,1,1,1,,793,6/22/2024,500,,60%,1458,1.84,1441,1.82,2024-04-17,2024-04-21,5,0
The Kelton Apartments,Gilson,J101,1,1,1,,793,1/22/2025,500,,60%,1299,1.64,1216,1.53,2024-11-05,2025-01-06,63,0
The Kelton Apartments,Gilson,I108,1,1,1,,793,9/21/2024,500,,60%,1299,1.64,1216,1.53,2024-09-15,2024-12-11,88,82
The Kelton Apartments,Gilson,I301,3,1,1,,793,8/29/2023,500,,60%,1287,1.62,1287,1.62,2023-08-29,2023-12-30,124,124
The Kelton Apartments,Gilson,I301,3,1,1,,793,3/7/2025,500,,60%,1349,1.7,1349,1.7,2025-02-12,2025-02-15,4,0
The Kelton Apartments,Gilson,L308,3,1,1,,793,8/8/2023,500,,60%,1503,1.9,1503,1.9,,2023-07-22,,
The Kelton Apartments,Gilson,L308,3,1,1,,793,11/3/2024,500,,60%,1349,1.7,1266,1.6,2024-10-27,2025-01-20,86,79
The Kelton Apartments,Gilson,M301,3,1,1,,793,7/8/2023,500,,60%,1546,1.95,1417,1.79,,2023-07-28,,
The Kelton Apartments,Gilson,M301,3,1,1,,793,11/2/2024,500,,60%,1349,1.7,1266,1.6,2024-10-01,2025-01-22,114,82
The Kelton Apartments,Gilson,L301,3,1,1,,793,7/22/2023,500,,60%,1456,1.84,1260,1.59,,2023-08-31,,
The Kelton Apartments,Gilson,L301,3,1,1,,793,9/7/2024,500,,60%,1354,1.71,1292,1.63,2024-07-06,2024-08-21,47,0
The Kelton Apartments,Gilson,J308,3,1,1,,793,4/12/2025,500,,60%,1345,1.7,1345,1.7,2025-02-05,2025-05-18,103,37
The Kelton Apartments,Gilson,J308,3,1,1,,793,2/8/2026,500,,60%,1395,1.76,1279,1.61,2026-02-06,2026-04-14,68,66
The Kelton Apartments,Gilson,M101,1,1,1,,793,8/6/2024,500,,60%,1422,1.79,1339,1.69,2024-06-26,2024-07-31,36,0
The Kelton Apartments,Gilson,M101,1,1,1,,793,4/21/2025,500,,60%,1395,1.76,1353,1.71,2025-04-08,2025-04-22,15,2
The Kelton Apartments,Gilson,E308,3,1,1,,793,12/5/2024,500,,60%,1349,1.7,1266,1.6,2024-10-14,2024-12-29,77,25
The Kelton Apartments,Gilson,E308,3,1,1,,793,1/7/2026,500,,60%,1395,1.76,1279,1.61,2025-10-02,2026-03-28,178,81
The Kelton Apartments,Gilson,J201,2,1,1,,793,3/9/2026,500,,60%,1395,1.76,1279,1.61,2026-02-07,2026-04-21,74,44
The Kelton Apartments,Gilson,M208,2,1,1,,793,7/16/2024,500,,60%,1538,1.94,1455,1.83,2024-04-19,2024-07-14,87,0
The Kelton Apartments,Gilson,M208,2,1,1,,793,4/28/2026,500,,60%,1395,1.76,1279,1.61,2026-03-01,2026-05-01,62,4
The Kelton Apartments,Gilson,C108,1,1,1,,793,Now,500,,80%,1475,1.86,1475,1.86,2026-02-24,,139,33
The Kelton Apartments,Gilson,J208,2,1,1,,793,5/14/2024,500,,80%,1382,1.74,1196,1.51,2024-01-20,2024-02-16,28,0
The Kelton Apartments,Gilson,J208,2,1,1,,793,5/21/2025,500,,80%,1295,1.63,1295,1.63,2025-05-04,2025-05-15,12,0
The Kelton Apartments,Gilson,J208,2,1,1,,793,Now,500,,80%,1475,1.86,1475,1.86,2026-05-11,,63,5
The Kelton Apartments,Gilson,E108,1,1,1,,793,8/29/2023,500,,80%,1408,1.78,1218,1.54,2023-08-29,2023-08-30,2,2
The Kelton Apartments,Gilson,E108,1,1,1,,793,9/5/2026,500,,80%,1475,1.86,1475,1.86,2026-07-08,,5,0
The Kelton Apartments,Gilson,I201,2,1,1,,793,8/29/2023,500,,80%,1287,1.62,1114,1.4,2023-08-29,2024-02-14,170,170
The Kelton Apartments,Gilson,I201,2,1,1,,793,3/7/2025,500,,80%,1395,1.76,1312,1.65,2025-01-17,2025-03-27,70,21
The Kelton Apartments,Gilson,I201,2,1,1,,793,Now,500,,80%,1475,1.86,1475,1.86,2026-06-03,,40,32
The Kelton Apartments,Gilson,C208,2,1,1,,793,6/9/2024,500,,80%,1560,1.97,1498,1.89,2024-05-29,2024-06-04,7,0
The Kelton Apartments,Gilson,C208,2,1,1,,793,8/8/2025,500,,80%,1425,1.8,1425,1.8,2025-05-07,2025-06-24,49,0
The Kelton Apartments,Gilson,C208,2,1,1,,793,7/16/2026,500,,80%,1475,1.86,1475,1.86,2026-05-16,,58,0
The Kelton Apartments,Gilson,L201,2,1,1,,793,9/21/2024,500,,80%,1299,1.64,1216,1.53,2024-09-21,2025-01-23,125,125
The Kelton Apartments,Gilson,L201,2,1,1,,793,5/23/2026,500,,80%,1475,1.86,1352,1.7,2026-05-02,2026-06-02,32,11
The Kelton Apartments,Gilson,L208,2,1,1,,793,6/17/2023,500,,80%,1408,1.78,1218,1.54,,2023-09-01,,
The Kelton Apartments,Gilson,L208,2,1,1,,793,5/7/2026,500,,80%,1475,1.86,1352,1.7,2026-02-19,2026-04-21,62,0
The Kelton Apartments,Gilson,C201,2,1,1,,793,1/30/2024,500,,80%,1408,1.78,1218,1.54,2024-01-30,2024-02-19,21,21
The Kelton Apartments,Gilson,C201,2,1,1,,793,7/8/2025,500,,80%,1295,1.63,1295,1.63,2025-05-04,2025-05-24,21,0
The Kelton Apartments,Gilson,C201,2,1,1,,793,4/8/2026,500,,80%,1475,1.86,1352,1.7,2026-03-20,2026-04-02,14,0
The Kelton Apartments,Gilson,M201,2,1,1,,793,7/8/2023,500,,80%,1484,1.87,1484,1.87,,2023-07-11,,
The Kelton Apartments,Gilson,M201,2,1,1,,793,1/9/2024,500,,80%,1353,1.71,1171,1.48,2023-12-27,2024-02-16,52,39
The Kelton Apartments,Gilson,M201,2,1,1,,793,12/11/2024,500,,80%,1587,2,1504,1.9,2024-12-03,2024-12-21,19,11
The Kelton Apartments,Gilson,M201,2,1,1,,793,2/7/2026,500,,80%,1475,1.86,1352,1.7,2026-01-28,2026-03-08,40,30
The Kelton Apartments,Gilson,L108,1,1,1,,793,3/8/2025,500,,80%,1587,2,1504,1.9,2024-12-29,2025-01-18,21,0
The Kelton Apartments,Gilson,L108,1,1,1,,793,3/14/2026,500,,80%,1475,1.86,1475,1.86,2026-02-06,2026-02-15,10,0
The Kelton Apartments,Gilson,A102,1,1,1,,793,8/29/2023,500,,80%,1469,1.85,1271,1.6,2023-08-29,2023-08-30,2,2
The Kelton Apartments,Gilson,A102,1,1,1,,793,4/8/2026,500,,80%,1475,1.86,1475,1.86,2026-01-27,2026-02-15,20,0
The Kelton Apartments,Gilson,M108,1,1,1,,793,8/29/2023,500,,80%,1519,1.92,1314,1.66,2023-08-29,2023-08-30,2,2
The Kelton Apartments,Gilson,M108,1,1,1,,793,2/10/2024,500,,80%,1354,1.71,1354,1.71,2023-12-06,2024-01-01,27,0
The Kelton Apartments,Gilson,M108,1,1,1,,793,3/8/2025,500,,80%,1299,1.64,1299,1.64,2025-01-07,2025-02-05,30,0
The Kelton Apartments,Gilson,M108,1,1,1,,793,11/14/2025,500,,80%,1475,1.86,1475,1.86,2025-11-06,2025-11-27,22,14
The Kelton Apartments,Gilson,I308,3,1,1,,793,3/6/2024,500,,80%,1380,1.74,1380,1.74,2023-12-30,2024-04-13,106,39
The Kelton Apartments,Gilson,I308,3,1,1,,793,8/28/2025,500,,80%,1475,1.86,1475,1.86,2025-07-03,2025-07-09,7,0
The Kelton Apartments,1B,C308,3,1,1,,793,3/20/2024,500,,80%,1503,1.9,1486,1.87,2024-03-02,2024-05-17,77,59
The Kelton Apartments,Gilson,J301,3,1,1,,793,6/30/2024,500,,80%,1518,1.91,1518,1.91,2024-06-30,2024-07-09,10,10
The Kelton Apartments,Gilson,J301,3,1,1,,793,3/5/2025,500,,80%,1445,1.82,1362,1.72,2025-02-26,2025-03-30,33,26
The Kelton Apartments,Gilson,J301,3,1,1,,793,4/13/2026,500,,80%,1525,1.92,1398,1.76,2026-04-02,2026-05-06,35,24
The Kelton Apartments,Gilson,C301,3,1,1,,793,1/19/2024,500,,80%,1610,2.03,1610,2.03,2024-01-19,2024-03-30,72,72
The Kelton Apartments,Gilson,C301,3,1,1,,793,9/4/2026,500,,80%,1525,1.92,1525,1.92,2026-06-07,,36,0
The Kelton Apartments,1B,M308,3,1,1,,793,7/9/2024,500,,80%,1533,1.93,1516,1.91,2024-04-23,2024-05-19,27,0
The Kelton Apartments,Gilson,J108,1,1,1,,793,2/13/2024,500,,80%,1382,1.74,1196,1.51,2024-02-07,2024-02-17,11,5
The Kelton Apartments,Gilson,J108,1,1,1,,793,4/8/2025,500,,80%,1587,2,1504,1.9,2024-12-27,2025-01-22,27,0
The Kelton Apartments,Gilson,L101,1,1,1,,793,7/29/2023,500,,80%,1412,1.78,1412,1.78,,2023-07-14,,
The Kelton Apartments,Gilson,L101,1,1,1,,793,10/15/2024,500,,80%,1587,2,1587,2,2024-08-20,2024-10-10,52,0
The Kelton Apartments,2A,L203,2,2,2,,1024,11/7/2023,500,,60%,1439,1.41,1356,1.32,2023-09-01,2024-01-30,152,85
The Kelton Apartments,Pahvant,J106,1,2,2,,1024,8/30/2023,500,,60%,1368,1.34,1184,1.16,2023-08-23,2023-10-18,57,50
The Kelton Apartments,Pahvant,J106,1,2,2,,1024,11/9/2024,500,,60%,1450,1.42,1367,1.33,2024-11-05,2024-11-13,9,5
The Kelton Apartments,Pahvant,L106,1,2,2,,1024,8/17/2023,500,,60%,1429,1.4,1236,1.21,2023-08-04,2023-10-16,74,61
The Kelton Apartments,Pahvant,L106,1,2,2,,1024,2/1/2025,500,,60%,1450,1.42,1367,1.33,2024-11-23,2024-12-14,22,0
The Kelton Apartments,2A,J206,2,2,2,,1024,7/8/2023,500,,60%,1978,1.93,1978,1.93,,2023-07-25,,
The Kelton Apartments,2A,J206,2,2,2,,1024,11/8/2023,500,,60%,1907,1.86,1907,1.86,2023-10-24,2023-11-01,9,0
The Kelton Apartments,2A,J206,2,2,2,,1024,4/29/2024,500,,60%,1458,1.42,1262,1.23,2024-02-26,2024-03-02,6,0
The Kelton Apartments,Pahvant,C204,2,2,2,,1024,5/9/2024,500,,60%,1858,1.81,1796,1.75,2024-05-01,2024-05-29,29,21
The Kelton Apartments,Pahvant,C204,2,2,2,,1024,6/4/2025,500,,60%,1495,1.46,1495,1.46,2025-03-30,2025-04-08,10,0
The Kelton Apartments,Pahvant,E206,2,2,2,,1024,8/29/2023,500,,60%,1901,1.86,1645,1.61,2023-08-29,2023-08-30,2,2
The Kelton Apartments,Pahvant,E206,2,2,2,,1024,4/8/2026,500,,60%,1495,1.46,1370,1.34,2026-02-27,2026-04-19,52,12
The Kelton Apartments,Pahvant,I103,1,2,2,,1024,4/8/2024,500,,60%,1521,1.49,1316,1.29,2024-01-19,2024-03-06,48,0
The Kelton Apartments,Pahvant,I103,1,2,2,,1024,5/14/2025,500,,60%,1495,1.46,1495,1.46,2025-03-25,2025-03-27,3,0
The Kelton Apartments,Pahvant,E204,2,2,2,,1024,12/23/2023,500,,60%,1639,1.6,1639,1.6,2023-12-06,2024-01-05,31,14
The Kelton Apartments,Pahvant,E204,2,2,2,,1024,6/26/2024,500,,60%,1562,1.53,1479,1.44,2024-06-19,2024-07-24,36,29
The Kelton Apartments,Pahvant,E204,2,2,2,,1024,3/25/2026,500,,60%,1495,1.46,1370,1.34,2026-03-11,2026-04-22,43,29
The Kelton Apartments,Pahvant,C203,2,2,2,,1024,4/13/2026,500,,60%,1495,1.46,1370,1.34,2025-12-31,2026-04-24,115,12
The Kelton Apartments,Pahvant,I105,1,2,2,,1024,2/13/2024,500,,60%,1458,1.42,1262,1.23,2023-12-07,2024-03-02,87,19
The Kelton Apartments,Pahvant,I105,1,2,2,,1024,6/24/2025,500,,60%,1495,1.46,1495,1.46,2025-04-17,2025-04-24,8,0
The Kelton Apartments,Pahvant,M205,2,2,2,,1024,5/13/2025,500,,60%,1495,1.46,1495,1.46,2025-04-24,2025-04-30,7,0
The Kelton Apartments,Pahvant,I206,2,2,2,,1024,4/10/2024,500,,60%,1644,1.61,1423,1.39,2024-02-06,2024-02-24,19,0
The Kelton Apartments,Pahvant,I206,2,2,2,,1024,7/17/2025,500,,60%,1495,1.46,1495,1.46,2025-05-08,2025-05-22,15,0
The Kelton Apartments,Pahvant,I106,1,2,2,,1024,11/30/2023,500,,60%,1610,1.57,1476,1.44,2023-11-30,2023-12-20,21,21
The Kelton Apartments,Pahvant,I106,1,2,2,,1024,5/15/2025,500,,60%,1495,1.46,1495,1.46,2025-04-12,2025-05-24,43,10
The Kelton Apartments,Pahvant,M206,2,2,2,,1024,9/14/2024,500,,60%,1499,1.46,1436,1.4,2024-08-20,2024-08-21,2,0
The Kelton Apartments,Pahvant,L104,1,2,2,,1024,9/6/2023,500,,60%,1343,1.31,1231,1.2,2023-09-06,2023-12-15,101,101
The Kelton Apartments,Pahvant,L104,1,2,2,,1024,2/8/2025,500,,60%,1499,1.46,1499,1.46,2025-02-01,2025-02-06,6,0
The Kelton Apartments,Pahvant,M306,3,2,2,,1024,9/7/2023,500,,60%,1410,1.38,1292,1.26,2023-08-25,2023-12-16,114,101
The Kelton Apartments,Pahvant,M306,3,2,2,,1024,1/4/2025,500,,60%,1500,1.46,1417,1.38,2024-09-19,2024-11-09,52,0
The Kelton Apartments,2A,C306,3,2,2,,1024,3/8/2024,500,,60%,1508,1.47,1305,1.27,2023-12-29,2024-03-01,64,0
The Kelton Apartments,2A,M103,1,2,2,,1024,1/8/2024,500,,60%,1509,1.47,1426,1.39,2023-11-30,2024-02-01,64,25
The Kelton Apartments,Pahvant,J203,2,2,2,,1024,9/17/2024,500,,60%,1520,1.48,1520,1.48,2024-06-27,2024-08-24,59,0
The Kelton Apartments,Pahvant,I204,2,2,2,,1024,10/9/2025,500,,60%,1525,1.49,1398,1.37,2025-10-02,2026-03-31,181,174
The Kelton Apartments,Pahvant,C205,2,2,2,,1024,8/22/2024,500,,60%,1495,1.46,1432,1.4,2024-08-15,2024-08-20,6,0
The Kelton Apartments,Pahvant,C205,2,2,2,,1024,2/26/2026,500,,60%,1525,1.49,1398,1.37,2026-02-19,2026-04-08,49,42
The Kelton Apartments,Pahvant,C304,3,2,2,,1024,11/22/2023,500,,60%,1536,1.5,1408,1.38,2023-11-15,2023-12-31,47,40
The Kelton Apartments,Pahvant,C304,3,2,2,,1024,4/24/2025,500,,60%,1545,1.51,1462,1.43,2025-01-30,2025-03-09,39,0
The Kelton Apartments,Pahvant,C304,3,2,2,,1024,4/29/2026,500,,60%,1525,1.49,1398,1.37,2026-04-02,2026-05-03,32,5
The Kelton Apartments,Pahvant,M203,2,2,2,,1024,9/8/2023,500,,60%,1368,1.34,1184,1.16,2023-09-01,2023-10-19,49,42
The Kelton Apartments,Pahvant,M203,2,2,2,,1024,2/11/2025,500,,60%,1450,1.42,1367,1.33,2024-11-28,2024-12-08,11,0
The Kelton Apartments,Pahvant,M203,2,2,2,,1024,2/18/2026,500,,60%,1525,1.49,1398,1.37,2025-12-10,2026-03-22,103,33
The Kelton Apartments,Pahvant,I104,1,2,2,,1024,11/28/2023,500,,60%,1396,1.36,1313,1.28,2023-11-21,2024-01-25,66,59
The Kelton Apartments,Pahvant,I104,1,2,2,,1024,4/8/2025,500,,60%,1793,1.75,1793,1.75,2025-01-14,2025-01-30,17,0
The Kelton Apartments,Pahvant,I104,1,2,2,,1024,10/26/2025,500,,60%,1525,1.49,1525,1.49,2025-08-26,2025-09-05,11,0
The Kelton Apartments,Pahvant,M106,1,2,2,,1024,2/8/2024,500,,60%,1610,1.57,1527,1.49,2023-12-23,2024-02-03,43,0
The Kelton Apartments,Pahvant,M106,1,2,2,,1024,1/30/2025,500,,60%,1499,1.46,1499,1.46,2025-01-30,2025-02-07,9,9
The Kelton Apartments,Pahvant,M106,1,2,2,,1024,6/9/2025,500,,60%,1525,1.49,1525,1.49,2025-06-04,2025-06-09,6,1
The Kelton Apartments,2A,M303,3,2,2,,1024,5/2/2024,500,,60%,1526,1.49,1320,1.29,2024-02-29,2024-03-04,5,0
The Kelton Apartments,Pahvant,C305,3,2,2,,1024,5/11/2024,500,,60%,1731,1.69,1498,1.46,2024-03-06,2024-03-14,9,0
The Kelton Apartments,Pahvant,C305,3,2,2,,1024,6/7/2025,500,,60%,1545,1.51,1545,1.51,2025-03-07,2025-04-07,32,0
The Kelton Apartments,Pahvant,L304,3,2,2,,1024,10/8/2024,500,,60%,1545,1.51,1545,1.51,2024-08-30,2024-09-07,9,0
The Kelton Apartments,Pahvant,E306,3,2,2,,1024,9/5/2023,500,,60%,2034,1.99,1760,1.72,2023-08-29,2023-08-30,2,0
The Kelton Apartments,Pahvant,E306,3,2,2,,1024,10/6/2025,500,,60%,1575,1.54,1575,1.54,2025-09-18,2025-09-26,9,0
The Kelton Apartments,Pahvant,J306,3,2,2,,1024,10/28/2025,500,,60%,1575,1.54,1575,1.54,2025-08-22,2025-09-14,24,0
The Kelton Apartments,Pahvant,I305,3,2,2,,1024,9/3/2024,500,,60%,1612,1.57,1529,1.49,2024-06-05,2024-07-28,54,0
The Kelton Apartments,Pahvant,I305,3,2,2,,1024,9/11/2025,500,,60%,1575,1.54,1575,1.54,2025-07-03,2025-07-11,9,0
The Kelton Apartments,Pahvant,I304,3,2,2,,1024,9/1/2025,500,,60%,1575,1.54,1575,1.54,2025-06-25,2025-07-06,12,0
The Kelton Apartments,Pahvant,L306,3,2,2,,1024,9/2/2025,500,,60%,1575,1.54,1575,1.54,2025-07-26,2025-08-01,7,0
The Kelton Apartments,Pahvant,M105,1,2,2,,1024,8/30/2023,500,,60%,1901,1.86,1645,1.61,2023-08-29,2023-08-30,2,1
The Kelton Apartments,Pahvant,M105,1,2,2,,1024,1/26/2025,500,,60%,1495,1.46,1412,1.38,2025-01-25,2025-03-22,57,56
The Kelton Apartments,Pahvant,M105,1,2,2,,1024,9/13/2025,500,,60%,1575,1.54,1575,1.54,2025-09-12,2025-10-19,38,37
The Kelton Apartments,Pahvant,J303,3,2,2,,1024,8/3/2023,500,,80%,1494,1.46,1411,1.38,2023-08-03,2024-02-01,183,183
The Kelton Apartments,Pahvant,J303,3,2,2,,1024,10/11/2025,500,,80%,1625,1.59,1625,1.59,2025-08-29,2025-11-04,68,25
The Kelton Apartments,Pahvant,C303,3,2,2,,1024,10/14/2023,500,,80%,1644,1.61,1423,1.39,2023-10-07,2023-10-23,17,10
The Kelton Apartments,Pahvant,C303,3,2,2,,1024,12/9/2025,500,,80%,1625,1.59,1625,1.59,2025-09-19,2025-10-18,30,0
The Kelton Apartments,Pahvant,C206,2,2,2,,1024,5/15/2024,500,,80%,1625,1.59,1608,1.57,2024-02-17,2024-05-01,75,0
The Kelton Apartments,Pahvant,C206,2,2,2,,1024,8/22/2025,500,,80%,1525,1.49,1525,1.49,2025-07-08,2025-08-29,53,8
The Kelton Apartments,Pahvant,C206,2,2,2,,1024,6/25/2026,500,,80%,1675,1.64,1675,1.64,2026-06-03,2026-06-20,18,0
The Kelton Apartments,Pahvant,E104,1,2,2,,1024,8/29/2023,500,,80%,1901,1.86,1645,1.61,2023-08-29,2023-08-30,2,2
The Kelton Apartments,Pahvant,E104,1,2,2,,1024,2/27/2026,500,,80%,1675,1.64,1535,1.5,2025-12-17,2026-02-28,74,2
The Kelton Apartments,Pahvant,J105,1,2,2,,1024,10/8/2024,500,,80%,1495,1.46,1495,1.46,2024-09-28,2024-10-01,4,0
The Kelton Apartments,Pahvant,J105,1,2,2,,1024,10/18/2025,500,,80%,1575,1.54,1575,1.54,2025-10-11,2025-10-15,5,0
The Kelton Apartments,Pahvant,J105,1,2,2,,1024,3/8/2026,500,,80%,1675,1.64,1675,1.64,2026-02-07,2026-02-17,11,0
The Kelton Apartments,Pahvant,L206,2,2,2,,1024,Now,500,,80%,1675,1.64,1675,1.64,2026-07-07,,6,4
The Kelton Apartments,Pahvant,L205,2,2,2,,1024,8/6/2024,500,,80%,1675,1.64,1658,1.62,2024-04-12,2024-05-04,23,0
The Kelton Apartments,Pahvant,L205,2,2,2,,1024,7/18/2026,500,,80%,1675,1.64,1675,1.64,2026-06-07,2026-07-03,27,0
The Kelton Apartments,Pahvant,L105,1,2,2,,1024,9/17/2025,500,,80%,1525,1.49,1525,1.49,2025-08-06,2025-08-14,9,0
The Kelton Apartments,Pahvant,L105,1,2,2,,1024,2/1/2026,500,,80%,1675,1.64,1592,1.55,2026-01-25,2026-02-24,31,24
The Kelton Apartments,Pahvant,L105,1,2,2,,1024,7/23/2026,500,,80%,1675,1.64,1675,1.64,2026-07-01,2026-07-02,2,0
The Kelton Apartments,Pahvant,A106,1,2,2,,1024,8/29/2023,500,,80%,1984,1.94,1717,1.68,2023-08-29,2023-08-30,2,2
The Kelton Apartments,Pahvant,A106,1,2,2,,1024,7/18/2026,500,,80%,1675,1.64,1535,1.5,2026-04-15,2026-06-02,49,0
The Kelton Apartments,Pahvant,A105,1,2,2,,1024,8/29/2023,500,,80%,1984,1.94,1717,1.68,2023-08-29,2023-08-30,2,2
The Kelton Apartments,Pahvant,A105,1,2,2,,1024,12/9/2025,500,,80%,1675,1.64,1675,1.64,2025-12-09,2026-01-09,32,32
The Kelton Apartments,Pahvant,M204,2,2,2,,1024,4/8/2026,500,,80%,1675,1.64,1535,1.5,2026-03-22,2026-04-01,11,0
The Kelton Apartments,Pahvant,J104,1,2,2,,1024,11/7/2023,500,,80%,1433,1.4,1314,1.28,2023-09-15,2023-12-15,92,39
The Kelton Apartments,Pahvant,J104,1,2,2,,1024,1/4/2025,500,,80%,1793,1.75,1793,1.75,2024-10-11,2024-10-23,13,0
The Kelton Apartments,Pahvant,J104,1,2,2,,1024,1/16/2026,500,,80%,1675,1.64,1675,1.64,2025-10-18,2025-12-30,74,0
The Kelton Apartments,Pahvant,J204,2,2,2,,1024,5/8/2024,500,,80%,1681,1.64,1455,1.42,2024-02-03,2024-03-11,38,0
The Kelton Apartments,Pahvant,J204,2,2,2,,1024,6/14/2025,500,,80%,1495,1.46,1495,1.46,2025-02-25,2025-03-22,26,0
The Kelton Apartments,Pahvant,J204,2,2,2,,1024,6/27/2026,500,,80%,1675,1.64,1535,1.5,2026-04-05,2026-05-11,37,0
The Kelton Apartments,Pahvant,I203,2,2,2,,1024,4/23/2026,500,,80%,1675,1.64,1535,1.5,2026-04-23,2026-04-29,7,7
The Kelton Apartments,Pahvant,I205,2,2,2,,1024,5/9/2024,500,,80%,1681,1.64,1455,1.42,2024-03-06,2024-03-09,4,0
The Kelton Apartments,Pahvant,I205,2,2,2,,1024,8/1/2025,500,,80%,1495,1.46,1495,1.46,2025-04-29,2025-05-18,20,0
The Kelton Apartments,Pahvant,I205,2,2,2,,1024,9/8/2026,500,,80%,1675,1.64,1675,1.64,2026-07-09,,4,0
The Kelton Apartments,Pahvant,L204,2,2,2,,1024,10/8/2024,500,,80%,1518,1.48,1435,1.4,2024-07-27,2024-08-22,27,0
The Kelton Apartments,Pahvant,L204,2,2,2,,1024,10/15/2025,500,,80%,1525,1.49,1525,1.49,2025-08-06,2025-09-04,30,0
The Kelton Apartments,Pahvant,L204,2,2,2,,1024,5/23/2026,500,,80%,1675,1.64,1535,1.5,2026-04-23,2026-04-28,6,0
The Kelton Apartments,Pahvant,C103,1,2,2,,1024,12/20/2023,500,,80%,1780,1.74,1697,1.66,2023-12-20,2024-02-06,49,49
The Kelton Apartments,Pahvant,C103,1,2,2,,1024,5/6/2025,500,,80%,1495,1.46,1495,1.46,2025-03-06,2025-04-27,53,0
The Kelton Apartments,Pahvant,C103,1,2,2,,1024,7/14/2026,500,,80%,1675,1.64,1535,1.5,2026-05-07,2026-06-10,35,0
The Kelton Apartments,Pahvant,A205,2,2,2,,1024,8/29/2023,500,,80%,1984,1.94,1717,1.68,2023-08-29,2023-08-30,2,2
The Kelton Apartments,Pahvant,A205,2,2,2,,1024,5/9/2026,500,,80%,1675,1.64,1535,1.5,2026-01-08,2026-06-02,146,25
The Kelton Apartments,Pahvant,J304,3,2,2,,1024,5/8/2025,500,,80%,1545,1.51,1545,1.51,2025-02-28,2025-03-23,24,0
The Kelton Apartments,Pahvant,J304,3,2,2,,1024,7/8/2026,500,,80%,1725,1.68,1725,1.68,2026-05-01,2026-07-09,70,2
The Kelton Apartments,Pahvant,A305,3,2,2,,1024,8/29/2023,500,,80%,2034,1.99,1760,1.72,2023-08-29,2023-08-30,2,2
The Kelton Apartments,Pahvant,A305,3,2,2,,1024,Now,500,,80%,1725,1.68,1725,1.68,2026-02-11,,152,96
The Kelton Apartments,Pahvant,E304,3,2,2,,1024,8/29/2023,500,,80%,1901,1.86,1645,1.61,2023-08-29,2023-08-30,2,2
The Kelton Apartments,Pahvant,E304,3,2,2,,1024,3/15/2025,500,,80%,1545,1.51,1462,1.43,2025-03-07,2025-03-13,7,0
The Kelton Apartments,Pahvant,E304,3,2,2,,1024,7/8/2026,500,,80%,1725,1.68,1581,1.54,2026-04-09,2026-04-28,20,0
The Kelton Apartments,Pahvant,I303,3,2,2,,1024,3/20/2024,500,,80%,1949,1.9,1886,1.84,2024-03-20,2024-05-31,73,73
The Kelton Apartments,Pahvant,I303,3,2,2,,1024,6/15/2025,500,,80%,1575,1.54,1575,1.54,2025-04-18,2025-06-09,53,0
The Kelton Apartments,Pahvant,I303,3,2,2,,1024,12/9/2025,500,,80%,1725,1.68,1725,1.68,2025-12-16,2026-02-06,53,53
The Kelton Apartments,Pahvant,M304,3,2,2,,1024,3/7/2024,500,,80%,1552,1.52,1469,1.43,2023-12-20,2024-01-30,42,0
The Kelton Apartments,Pahvant,M304,3,2,2,,1024,Now,500,,80%,1725,1.68,1725,1.68,2026-03-27,,108,58
The Kelton Apartments,Pahvant,M305,3,2,2,,1024,9/21/2023,500,,80%,1701,1.66,1472,1.44,2023-07-30,2024-02-07,193,140
The Kelton Apartments,Pahvant,M305,3,2,2,,1024,2/20/2025,500,,80%,1500,1.46,1417,1.38,2024-12-11,2024-12-17,7,0
The Kelton Apartments,Pahvant,M305,3,2,2,,1024,6/8/2025,500,,80%,1545,1.51,1545,1.51,2025-05-01,2025-05-10,10,0
The Kelton Apartments,Pahvant,M305,3,2,2,,1024,6/9/2026,500,,80%,1725,1.68,1725,1.68,2026-06-02,2026-07-01,30,23
The Kelton Apartments,Pahvant,A303,3,2,2,,1024,8/29/2023,500,,80%,2034,1.99,1760,1.72,2023-08-29,2023-08-30,2,2
The Kelton Apartments,Pahvant,A303,3,2,2,,1024,9/12/2025,500,,80%,1575,1.54,1575,1.54,2025-09-12,2025-09-13,2,2
The Kelton Apartments,Pahvant,A303,3,2,2,,1024,9/16/2026,500,,80%,1725,1.68,1725,1.68,2026-07-03,,10,0
The Kelton Apartments,Pahvant,E305,3,2,2,,1024,8/29/2023,500,,80%,1901,1.86,1645,1.61,2023-08-29,2023-08-30,2,2
The Kelton Apartments,Pahvant,E305,3,2,2,,1024,3/8/2026,500,,80%,1725,1.68,1581,1.54,2026-01-18,2026-03-17,59,10
The Kelton Apartments,2A,C104,1,2,2,,1024,1/21/2024,500,,80%,1780,1.74,1697,1.66,2024-01-14,2024-01-23,10,3
The Kelton Apartments,2A,J205,2,2,2,,1024,2/1/2024,500,,80%,1780,1.74,1540,1.5,2024-02-01,2024-03-04,33,33
The Kelton Apartments,2A,M104,1,2,2,,1024,6/8/2024,500,,80%,1786,1.74,1769,1.73,2024-05-04,2024-05-16,13,0
The Kelton Apartments,Pahvant,J103,1,2,2,,1024,9/9/2023,500,,80%,1429,1.4,1236,1.21,2023-09-02,2023-10-17,46,39
The Kelton Apartments,Pahvant,J103,1,2,2,,1024,11/2/2024,500,,80%,1793,1.75,1793,1.75,2024-09-22,2024-10-18,27,0
The Kelton Apartments,Stansbury,D201,2,2,2,,1114,7/11/2023,500,,60%,1511,1.36,1307,1.17,2023-07-04,2023-10-22,111,104
The Kelton Apartments,Stansbury,D201,2,2,2,,1114,11/8/2024,500,,60%,1399,1.26,1316,1.18,2024-10-22,2024-12-03,43,26
The Kelton Apartments,2B,K202,2,2,2,,1114,11/14/2023,500,,60%,1420,1.27,1302,1.17,2023-11-07,2023-12-15,39,32
The Kelton Apartments,2B,F201,2,2,2,,1114,12/5/2023,500,,60%,1448,1.3,1365,1.23,2023-11-23,2024-01-25,64,52
The Kelton Apartments,Stansbury,G302,3,2,2,,1114,10/18/2024,500,,60%,1449,1.3,1366,1.23,2024-10-18,2024-11-22,36,36
The Kelton Apartments,Stansbury,G301,3,2,2,,1114,6/20/2023,500,,60%,1864,1.67,1613,1.45,2023-06-20,2023-09-26,99,99
The Kelton Apartments,Stansbury,G301,3,2,2,,1114,11/8/2024,500,,60%,1449,1.3,1366,1.23,2024-09-11,2024-11-13,64,6
The Kelton Apartments,Stansbury,F302,3,2,2,,1114,11/3/2023,500,,60%,1839,1.65,1686,1.51,2023-11-03,2023-12-05,33,33
The Kelton Apartments,Stansbury,F302,3,2,2,,1114,2/16/2025,500,,60%,1449,1.3,1366,1.23,2024-11-15,2024-12-05,21,0
The Kelton Apartments,Stansbury,D301,3,2,2,,1114,11/2/2024,500,,60%,1595,1.43,1595,1.43,2024-09-15,2024-10-02,18,0
The Kelton Apartments,Stansbury,D301,3,2,2,,1114,2/10/2026,500,,60%,1495,1.34,1370,1.23,2026-02-12,2026-05-02,80,80
The Kelton Apartments,Stansbury,H201,2,2,2,,1114,3/12/2024,500,,60%,1511,1.36,1428,1.28,2024-01-05,2024-01-25,21,0
The Kelton Apartments,Stansbury,H201,2,2,2,,1114,9/8/2024,500,,60%,1452,1.3,1452,1.3,2024-08-30,2024-10-03,35,26
The Kelton Apartments,Stansbury,H201,2,2,2,,1114,10/25/2025,500,,60%,1545,1.39,1545,1.39,2025-09-05,2025-09-13,9,0
The Kelton Apartments,Stansbury,H201,2,2,2,,1114,4/8/2026,500,,60%,1495,1.34,1370,1.23,2026-03-18,2026-05-01,45,24
The Kelton Apartments,Stansbury,B101,1,2,2,,1114,8/29/2023,500,,60%,2038,1.83,1763,1.58,2023-08-29,2023-08-30,2,2
The Kelton Apartments,Stansbury,B101,1,2,2,,1114,3/14/2026,500,,60%,1495,1.34,1370,1.23,2026-02-26,2026-04-21,55,39
The Kelton Apartments,Stansbury,D101,1,2,2,,1114,2/6/2024,500,,60%,1527,1.37,1527,1.37,2023-11-28,2023-11-30,3,0
The Kelton Apartments,Stansbury,D101,1,2,2,,1114,4/13/2026,500,,60%,1495,1.34,1370,1.23,2026-01-07,2026-04-20,104,8
The Kelton Apartments,Stansbury,G101,1,2,2,,1114,12/9/2023,500,,60%,1556,1.4,1426,1.28,2023-12-03,2023-12-31,29,23
The Kelton Apartments,Stansbury,G101,1,2,2,,1114,4/26/2024,500,,60%,1862,1.67,1845,1.66,2024-04-19,2024-05-17,29,22
The Kelton Apartments,Stansbury,G101,1,2,2,,1114,8/9/2025,500,,60%,1545,1.39,1545,1.39,2025-08-06,2025-08-10,5,2
The Kelton Apartments,Stansbury,H202,2,2,2,,1114,7/31/2024,500,,60%,1953,1.75,1890,1.7,2024-04-25,2024-05-31,37,0
The Kelton Apartments,Stansbury,H202,2,2,2,,1114,8/8/2025,500,,60%,1545,1.39,1545,1.39,2025-05-14,2025-06-10,28,0
The Kelton Apartments,2B,H102,1,2,2,,1114,11/26/2023,500,,60%,1556,1.4,1473,1.32,2023-11-26,2024-01-29,65,65
The Kelton Apartments,Stansbury,K301,3,2,2,,1114,9/21/2024,500,,60%,1595,1.43,1532,1.38,2024-06-25,2024-08-21,58,0
The Kelton Apartments,Stansbury,B202,2,2,2,,1114,8/29/2023,500,,60%,2038,1.83,1763,1.58,2023-08-29,2023-08-30,2,2
The Kelton Apartments,Stansbury,B202,2,2,2,,1114,4/16/2025,500,,60%,1595,1.43,1595,1.43,2025-03-07,2025-05-12,67,27
The Kelton Apartments,Stansbury,H301,3,2,2,,1114,6/18/2023,500,,60%,1864,1.67,1613,1.45,,2023-09-26,,
The Kelton Apartments,Stansbury,H301,3,2,2,,1114,9/21/2024,500,,60%,1595,1.43,1595,1.43,2024-09-15,2024-10-02,18,12
The Kelton Apartments,Stansbury,F203,2,2,2,,1114,4/9/2024,500,,60%,1700,1.53,1683,1.51,2024-03-02,2024-04-30,60,22
The Kelton Apartments,Stansbury,F203,2,2,2,,1114,8/5/2025,500,,60%,1595,1.43,1595,1.43,2025-05-09,2025-06-04,27,0
The Kelton Apartments,Stansbury,B103,1,2,2,,1114,8/29/2023,500,,60%,1953,1.75,1690,1.52,2023-08-29,2023-08-30,2,2
The Kelton Apartments,Stansbury,B103,1,2,2,,1114,3/22/2025,500,,60%,1595,1.43,1512,1.36,2025-03-07,2025-03-25,19,4
The Kelton Apartments,Stansbury,H101,1,2,2,,1114,5/13/2025,500,,60%,1595,1.43,1595,1.43,2025-02-21,2025-04-04,43,0
The Kelton Apartments,Stansbury,K101,1,2,2,,1114,8/29/2023,500,,60%,2038,1.83,1763,1.58,2023-08-29,2023-08-30,2,2
The Kelton Apartments,Stansbury,K101,1,2,2,,1114,4/20/2025,500,,60%,1595,1.43,1553,1.39,2025-03-07,2025-04-21,46,2
The Kelton Apartments,Stansbury,D302,3,2,2,,1114,8/8/2023,500,,80%,2056,1.85,1779,1.6,2023-07-06,2023-09-06,63,30
The Kelton Apartments,Stansbury,D302,3,2,2,,1114,1/17/2024,500,,80%,1497,1.34,1295,1.16,2023-12-06,2024-03-01,87,45
The Kelton Apartments,Stansbury,D302,3,2,2,,1114,2/8/2025,500,,80%,1645,1.48,1562,1.4,2025-02-01,2025-03-23,51,44
The Kelton Apartments,Stansbury,B302,3,2,2,,1114,8/29/2023,500,,80%,2001,1.8,1731,1.55,2023-08-29,2023-08-30,2,2
The Kelton Apartments,Stansbury,B302,3,2,2,,1114,11/2/2025,500,,80%,1695,1.52,1695,1.52,2025-09-12,2025-10-28,47,0
The Kelton Apartments,Stansbury,F303,3,2,2,,1114,8/29/2023,500,,80%,1953,1.75,1690,1.52,2023-08-29,2023-08-30,2,2
The Kelton Apartments,Stansbury,F303,3,2,2,,1114,10/1/2025,500,,80%,1695,1.52,1695,1.52,2025-10-01,2025-10-06,6,6
The Kelton Apartments,Stansbury,K102,1,2,2,,1114,7/24/2024,500,,80%,1696,1.52,1613,1.45,2024-07-24,2024-08-06,14,14
The Kelton Apartments,2B,F202,2,2,2,,1114,1/7/2024,500,,80%,1713,1.54,1696,1.52,2024-01-07,2024-05-12,127,127
The Kelton Apartments,Stansbury,B201,2,2,2,,1114,8/29/2023,500,,80%,1953,1.75,1690,1.52,2023-08-29,2023-08-30,2,2
The Kelton Apartments,Stansbury,B201,2,2,2,,1114,Now,500,,80%,1725,1.55,1725,1.55,2026-04-14,,90,83
The Kelton Apartments,Stansbury,G202,2,2,2,,1114,2/14/2024,500,,80%,1575,1.41,1363,1.22,2024-02-03,2024-03-06,33,22
The Kelton Apartments,Stansbury,G202,2,2,2,,1114,3/15/2025,500,,80%,1595,1.43,1553,1.39,2025-02-26,2025-04-18,52,35
The Kelton Apartments,Stansbury,G202,2,2,2,,1114,Now,500,,80%,1725,1.55,1725,1.55,2026-06-02,,41,40
The Kelton Apartments,Stansbury,G102,1,2,2,,1114,10/5/2024,500,,80%,1545,1.39,1545,1.39,2024-07-25,2024-09-13,51,0
The Kelton Apartments,Stansbury,G102,1,2,2,,1114,12/8/2025,500,,80%,1725,1.55,1725,1.55,2025-07-11,2026-01-11,185,35
The Kelton Apartments,Stansbury,D202,2,2,2,,1114,5/20/2025,500,,80%,1595,1.43,1595,1.43,2025-02-28,2025-05-18,80,0
The Kelton Apartments,Stansbury,D202,2,2,2,,1114,5/30/2026,500,,80%,1725,1.55,1581,1.42,2026-05-11,2026-05-16,6,0
The Kelton Apartments,Stansbury,G201,2,2,2,,1114,8/26/2026,500,,80%,1725,1.55,1725,1.55,2026-06-29,,14,0
The Kelton Apartments,Stansbury,D102,1,2,2,,1114,5/8/2025,500,,80%,1595,1.43,1595,1.43,2025-04-03,2025-05-14,42,7
The Kelton Apartments,Stansbury,D102,1,2,2,,1114,6/3/2026,500,,80%,1725,1.55,1581,1.42,2026-04-11,2026-06-10,61,8
The Kelton Apartments,Stansbury,F204,2,2,2,,1114,10/4/2025,500,,80%,1545,1.39,1545,1.39,2025-07-15,2025-07-17,3,0
The Kelton Apartments,Stansbury,F204,2,2,2,,1114,7/4/2026,500,,80%,1725,1.55,1581,1.42,2026-04-25,2026-06-09,46,0
The Kelton Apartments,Stansbury,H302,3,2,2,,1114,1/17/2024,500,,80%,1711,1.54,1480,1.33,2024-01-11,2024-03-10,60,54
The Kelton Apartments,Stansbury,H302,3,2,2,,1114,6/27/2026,500,,80%,1775,1.59,1775,1.59,2026-05-14,2026-07-09,57,13
The Kelton Apartments,Stansbury,B304,3,2,2,,1114,8/29/2023,500,,80%,1953,1.75,1690,1.52,2023-08-29,2023-08-30,2,2
The Kelton Apartments,Stansbury,B304,3,2,2,,1114,Now,500,,80%,1775,1.59,1775,1.59,2026-04-05,,99,16
The Kelton Apartments,Stansbury,K302,3,2,2,,1114,8/20/2026,500,,80%,1775,1.59,1775,1.59,2026-06-17,2026-06-24,8,0
The Kelton Apartments,2B,F304,3,2,2,,1114,4/9/2024,500,,80%,1811,1.63,1794,1.61,2024-02-03,2024-05-16,104,38
The Kelton Apartments,Wasatch,H204,2,3,2,,1311,6/17/2023,500,,80%,1871,1.43,1715,1.31,,2023-08-10,,
The Kelton Apartments,Wasatch,H204,2,3,2,,1311,10/31/2024,500,,80%,2172,1.66,2172,1.66,2024-09-04,2024-11-02,60,3
The Kelton Apartments,Wasatch,H204,2,3,2,,1311,7/8/2025,500,,80%,1795,1.37,1795,1.37,2025-06-25,2025-06-29,5,0
The Kelton Apartments,Wasatch,K203,2,3,2,,1311,3/1/2024,500,,80%,1883,1.44,1883,1.44,2024-02-16,2024-04-06,51,37
The Kelton Apartments,Wasatch,K203,2,3,2,,1311,2/22/2025,500,,80%,1799,1.37,1716,1.31,2025-02-05,2025-03-22,46,29
The Kelton Apartments,Wasatch,G204,2,3,2,,1311,4/19/2025,500,,80%,1799,1.37,1716,1.31,2025-02-13,2025-03-17,33,0
The Kelton Apartments,Wasatch,D204,2,3,2,,1311,12/8/2023,500,,80%,1829,1.4,1583,1.21,,2024-02-10,,
The Kelton Apartments,Wasatch,D204,2,3,2,,1311,6/4/2025,500,,80%,1799,1.37,1799,1.37,2025-02-27,2025-04-02,35,0
The Kelton Apartments,Wasatch,H304,3,3,2,,1311,5/25/2024,500,,80%,1841,1.4,1778,1.36,2024-02-16,2024-08-21,188,89
The Kelton Apartments,Wasatch,H203,2,3,2,,1311,8/29/2023,500,,80%,2219,1.69,1920,1.46,2023-08-22,2023-09-01,11,4
The Kelton Apartments,Wasatch,H203,2,3,2,,1311,2/22/2025,500,,80%,2172,1.66,2172,1.66,2025-02-15,2025-02-25,11,4
The Kelton Apartments,Wasatch,H203,2,3,2,,1311,10/12/2025,500,,80%,1845,1.41,1691,1.29,2025-10-06,2026-03-04,150,144
The Kelton Apartments,Wasatch,K304,3,3,2,,1311,2/2/2024,500,,80%,1884,1.44,1630,1.24,2023-08-29,2024-03-16,201,44
The Kelton Apartments,Wasatch,K304,3,3,2,,1311,5/26/2025,500,,80%,1849,1.41,1849,1.41,2025-03-29,2025-03-30,2,0
The Kelton Apartments,Wasatch,D304,3,3,2,,1311,6/11/2024,500,,80%,2341,1.79,2278,1.74,2024-03-13,2024-06-04,84,0
The Kelton Apartments,Wasatch,D304,3,3,2,,1311,4/13/2026,500,,80%,1895,1.45,1737,1.32,2025-11-22,2026-04-16,146,4
The Kelton Apartments,Wasatch,H103,1,3,2,,1311,12/1/2023,500,,80%,2153,1.64,2153,1.64,2023-12-01,2023-12-07,7,7
The Kelton Apartments,Wasatch,H103,1,3,2,,1311,3/13/2025,500,,80%,1799,1.37,1716,1.31,2024-12-31,2025-03-13,73,1
The Kelton Apartments,Wasatch,H103,1,3,2,,1311,2/9/2026,500,,80%,1895,1.45,1737,1.32,2026-01-27,2026-04-09,73,60
The Kelton Apartments,Wasatch,G303,3,3,2,,1311,12/26/2023,500,,80%,1872,1.43,1789,1.36,2023-11-23,2024-02-03,73,40
The Kelton Apartments,Wasatch,G303,3,3,2,,1311,9/14/2024,500,,80%,1843,1.41,1843,1.41,2024-09-14,2024-10-04,21,21
The Kelton Apartments,Wasatch,G303,3,3,2,,1311,10/10/2025,500,,80%,1995,1.52,1995,1.52,2025-08-08,2025-10-02,56,0
The Kelton Apartments,Wasatch,G303,3,3,2,,1311,1/9/2026,500,,80%,1895,1.45,1737,1.32,2026-01-09,2026-03-11,62,62
The Kelton Apartments,3A,D103,1,3,2,,1311,3/27/2024,500,,80%,1905,1.45,1648,1.26,2024-01-18,2024-02-08,22,0
The Kelton Apartments,Wasatch,G203,2,3,2,,1311,3/8/2025,500,,80%,1799,1.37,1716,1.31,2025-02-07,2025-04-15,68,39
The Kelton Apartments,Wasatch,G203,2,3,2,,1311,5/26/2026,500,,80%,1945,1.48,1783,1.36,2026-03-08,2026-06-03,88,9
The Kelton Apartments,Wasatch,K204,2,3,2,,1311,8/29/2023,500,,80%,2219,1.69,1920,1.46,2023-08-29,2023-08-30,2,2
The Kelton Apartments,Wasatch,K204,2,3,2,,1311,10/9/2025,500,,80%,1945,1.48,1862,1.42,2025-10-02,2026-02-13,135,128
The Kelton Apartments,Wasatch,G103,1,3,2,,1311,2/24/2024,500,,80%,1907,1.45,1907,1.45,2023-12-16,2023-12-23,8,0
The Kelton Apartments,Wasatch,G103,1,3,2,,1311,9/15/2024,500,,80%,1849,1.41,1849,1.41,2024-08-29,2024-10-04,37,20
The Kelton Apartments,Wasatch,G103,1,3,2,,1311,4/23/2026,500,,80%,1945,1.48,1783,1.36,2026-02-17,2026-04-03,46,0
The Kelton Apartments,Wasatch,D203,2,3,2,,1311,7/10/2026,500,,80%,1945,1.48,1783,1.36,2026-05-06,2026-06-08,34,0
The Kelton Apartments,Wasatch,H303,3,3,2,,1311,7/4/2024,500,,80%,1849,1.41,1766,1.35,2024-07-04,2024-11-20,140,140
The Kelton Apartments,Wasatch,H303,3,3,2,,1311,6/18/2025,500,,80%,1845,1.41,1845,1.41,2025-05-30,2025-06-12,14,0
The Kelton Apartments,Wasatch,H303,3,3,2,,1311,9/24/2025,500,,80%,1995,1.52,1995,1.52,2025-09-24,2025-10-13,20,20
The Kelton Apartments,Wasatch,K303,3,3,2,,1311,8/5/2025,500,,80%,1904,1.45,1904,1.45,2025-05-08,2025-05-19,12,0
The Kelton Apartments,Wasatch,K303,3,3,2,,1311,8/12/2026,500,,80%,1995,1.52,1995,1.52,2026-07-02,,11,0
The Kelton Apartments,Wasatch,G304,3,3,2,,1311,3/19/2024,500,,80%,2021,1.54,2021,1.54,2024-01-25,2024-04-12,79,25
The Kelton Apartments,Wasatch,G304,3,3,2,,1311,9/8/2024,500,,80%,1999,1.52,1999,1.52,2024-08-21,2024-08-25,5,0
The Kelton Apartments,Wasatch,G304,3,3,2,,1311,11/8/2025,500,,80%,1995,1.52,1995,1.52,2025-10-28,2025-12-02,36,25
The Kelton Apartments,3A,D303,3,3,2,,1311,3/8/2024,500,,80%,2243,1.71,2180,1.66,2023-12-12,2024-06-18,190,103
